{"mean":{"confidence_interval":{"confidence_level":0.95,"lower_bound":387891958.4604167,"upper_bound":389123507.1666667},"point_estimate":388486840.6333333,"standard_error":314440.01021415537},"median":{"confidence_interval":{"confidence_level":0.95,"lower_bound":387407613.5,"upper_bound":388490616.5},"point_estimate":388094476.75,"standard_error":327004.08681013226},"median_abs_dev":{"confidence_interval":{"confidence_level":0.95,"lower_bound":766662.4539390206,"upper_bound":2515974.379232526},"point_estimate":1804267.087867856,"standard_error":503615.44721288775},"slope":null,"std_dev":{"confidence_interval":{"confidence_level":0.95,"lower_bound":1308714.0660479493,"upper_bound":2032369.0046192375},"point_estimate":1753106.077409907,"standard_error":185366.21865547498}}