{"mean":{"confidence_interval":{"confidence_level":0.95,"lower_bound":-0.03211313382528971,"upper_bound":-0.03029901292572213},"point_estimate":-0.03118032782323965,"standard_error":0.00046366676844217713},"median":{"confidence_interval":{"confidence_level":0.95,"lower_bound":-0.03262791684511379,"upper_bound":-0.029220413620678398},"point_estimate":-0.031126918761142264,"standard_error":0.0008389833305843932}}