{"mean":{"confidence_interval":{"confidence_level":0.95,"lower_bound":2770039.651368816,"upper_bound":2779206.572575735},"point_estimate":2774571.026300038,"standard_error":2345.5072732681233},"median":{"confidence_interval":{"confidence_level":0.95,"lower_bound":2763964.002673797,"upper_bound":2784293.033119658},"point_estimate":2771377.3914529914,"standard_error":6336.931875616267},"median_abs_dev":{"confidence_interval":{"confidence_level":0.95,"lower_bound":5135.376423534869,"upper_bound":20548.718752965044},"point_estimate":15905.246750485767,"standard_error":4297.914707665551},"slope":{"confidence_interval":{"confidence_level":0.95,"lower_bound":2764046.1204420542,"upper_bound":2769448.85513498},"point_estimate":2766473.6811916092,"standard_error":1387.4262472522464},"std_dev":{"confidence_interval":{"confidence_level":0.95,"lower_bound":11046.83646446969,"upper_bound":14229.367051500803},"point_estimate":12983.930970890842,"standard_error":814.6775062794104}}