{"mean":{"confidence_interval":{"confidence_level":0.95,"lower_bound":2497888.9770788746,"upper_bound":2516952.258559626},"point_estimate":2507166.5198924267,"standard_error":4909.889125207139},"median":{"confidence_interval":{"confidence_level":0.95,"lower_bound":2486800.7904761904,"upper_bound":2516747.861111111},"point_estimate":2494891.0666666664,"standard_error":8436.227505842018},"median_abs_dev":{"confidence_interval":{"confidence_level":0.95,"lower_bound":9051.684137784949,"upper_bound":41158.960305949484},"point_estimate":20570.525773284557,"standard_error":9131.519556880818},"slope":{"confidence_interval":{"confidence_level":0.95,"lower_bound":2509840.579407162,"upper_bound":2536754.1659986908},"point_estimate":2525496.117891768,"standard_error":6916.4793656010925},"std_dev":{"confidence_interval":{"confidence_level":0.95,"lower_bound":21815.4691316962,"upper_bound":31198.772650598683},"point_estimate":27667.848213812344,"standard_error":2389.32662660877}}