{"mean":{"confidence_interval":{"confidence_level":0.95,"lower_bound":355986159.8254167,"upper_bound":357030738.67625},"point_estimate":356509530.23333335,"standard_error":266574.5386385975},"median":{"confidence_interval":{"confidence_level":0.95,"lower_bound":355881971.25,"upper_bound":357187417.75},"point_estimate":356530102.75,"standard_error":362822.65264648886},"median_abs_dev":{"confidence_interval":{"confidence_level":0.95,"lower_bound":908447.5665718317,"upper_bound":2198208.726873994},"point_estimate":1506102.5191113353,"standard_error":329986.86437414173},"slope":null,"std_dev":{"confidence_interval":{"confidence_level":0.95,"lower_bound":1135777.9981695164,"upper_bound":1757144.843105496},"point_estimate":1489045.6950306422,"standard_error":158384.06706468502}}