{"mean":{"confidence_interval":{"confidence_level":0.95,"lower_bound":-0.009749176259855372,"upper_bound":-0.008788155157379938},"point_estimate":-0.009277171182813126,"standard_error":0.00024415035996663603},"median":{"confidence_interval":{"confidence_level":0.95,"lower_bound":-0.010101852447362836,"upper_bound":-0.008878999393040599},"point_estimate":-0.009577040921756486,"standard_error":0.0002954051177624468}}