{"mean":{"confidence_interval":{"confidence_level":0.95,"lower_bound":-0.02766863995495124,"upper_bound":-0.02701437715142826},"point_estimate":-0.02734577413227679,"standard_error":0.00016673942167614},"median":{"confidence_interval":{"confidence_level":0.95,"lower_bound":-0.027715773863047344,"upper_bound":-0.027020591437158403},"point_estimate":-0.02734807448085297,"standard_error":0.00017402081517890327}}