{"mean":{"confidence_interval":{"confidence_level":0.95,"lower_bound":-0.1196461407181304,"upper_bound":-0.11206674402987704},"point_estimate":-0.11575255825600117,"standard_error":0.0019421775902873132},"median":{"confidence_interval":{"confidence_level":0.95,"lower_bound":-0.12136157036063255,"upper_bound":-0.10932533758712382},"point_estimate":-0.1132420399515186,"standard_error":0.0030939114612592833}}