{"mean":{"confidence_interval":{"confidence_level":0.95,"lower_bound":357350330.8825,"upper_bound":357772312.76625},"point_estimate":357554600.96666664,"standard_error":107463.78833082301},"median":{"confidence_interval":{"confidence_level":0.95,"lower_bound":357186731.25,"upper_bound":357755086.75},"point_estimate":357515591.0,"standard_error":142527.1063784663},"median_abs_dev":{"confidence_interval":{"confidence_level":0.95,"lower_bound":339358.97967517376,"upper_bound":814662.3693868518},"point_estimate":631520.1304882765,"standard_error":132724.49079276223},"slope":null,"std_dev":{"confidence_interval":{"confidence_level":0.95,"lower_bound":426355.34449483897,"upper_bound":731774.3942279232},"point_estimate":596863.8275769374,"standard_error":78241.33514188464}}