{"mean":{"confidence_interval":{"confidence_level":0.95,"lower_bound":513774637.0,"upper_bound":515226142.1483333},"point_estimate":514479473.6333333,"standard_error":369009.8893551406},"median":{"confidence_interval":{"confidence_level":0.95,"lower_bound":513047060.0,"upper_bound":515362083.0},"point_estimate":514518105.5,"standard_error":503286.2490562801},"median_abs_dev":{"confidence_interval":{"confidence_level":0.95,"lower_bound":1350706.1564976734,"upper_bound":2952669.0123796463},"point_estimate":2295837.935140729,"standard_error":408025.964694981},"slope":null,"std_dev":{"confidence_interval":{"confidence_level":0.95,"lower_bound":1514779.4968823015,"upper_bound":2488867.536508034},"point_estimate":2053594.881255836,"standard_error":250333.51647087611}}