{"mean":{"confidence_interval":{"confidence_level":0.95,"lower_bound":-0.06071000102481527,"upper_bound":-0.051653909896067024},"point_estimate":-0.05637700509879595,"standard_error":0.002323723865425633},"median":{"confidence_interval":{"confidence_level":0.95,"lower_bound":-0.06567228187414254,"upper_bound":-0.04228829230446063},"point_estimate":-0.04819209377704037,"standard_error":0.006133022450299889}}