{"mean":{"confidence_interval":{"confidence_level":0.95,"lower_bound":-0.05351129359663913,"upper_bound":-0.04707397855220337},"point_estimate":-0.05023516134522488,"standard_error":0.0016395843708666808},"median":{"confidence_interval":{"confidence_level":0.95,"lower_bound":-0.05639066709530283,"upper_bound":-0.0431614191046249},"point_estimate":-0.04863780591321509,"standard_error":0.004066437693035288}}