{"mean":{"confidence_interval":{"confidence_level":0.95,"lower_bound":-0.052460332034035,"upper_bound":-0.04596114537917739},"point_estimate":-0.04928255698241457,"standard_error":0.00165531558528882},"median":{"confidence_interval":{"confidence_level":0.95,"lower_bound":-0.05592014106176857,"upper_bound":-0.045482648802792736},"point_estimate":-0.052706980905401934,"standard_error":0.002270267312471401}}