{"mean":{"confidence_interval":{"confidence_level":0.95,"lower_bound":-0.03725026961192059,"upper_bound":-0.03650114784141584},"point_estimate":-0.03688498829847808,"standard_error":0.00019167309563751885},"median":{"confidence_interval":{"confidence_level":0.95,"lower_bound":-0.03729629548619229,"upper_bound":-0.03638056390270372},"point_estimate":-0.03674765310274908,"standard_error":0.00023529675047166058}}