{"mean":{"confidence_interval":{"confidence_level":0.95,"lower_bound":-0.01794054110149824,"upper_bound":-0.016004124040591396},"point_estimate":-0.017033865766497347,"standard_error":0.0004960913111097193},"median":{"confidence_interval":{"confidence_level":0.95,"lower_bound":-0.01839623851639205,"upper_bound":-0.016757274473464312},"point_estimate":-0.017544716226603363,"standard_error":0.0003754690306229525}}