{"mean":{"confidence_interval":{"confidence_level":0.95,"lower_bound":-0.032529246037091196,"upper_bound":-0.027233380446643567},"point_estimate":-0.029752480042645746,"standard_error":0.0013535641784924101},"median":{"confidence_interval":{"confidence_level":0.95,"lower_bound":-0.02801015753897651,"upper_bound":-0.02591828542365604},"point_estimate":-0.027254615334782573,"standard_error":0.0008208389800622224}}