{"mean":{"confidence_interval":{"confidence_level":0.95,"lower_bound":-0.01941783126952523,"upper_bound":-0.01870215362999171},"point_estimate":-0.01905348122937167,"standard_error":0.00018247907428694922},"median":{"confidence_interval":{"confidence_level":0.95,"lower_bound":-0.019296205805947264,"upper_bound":-0.018656863130399826},"point_estimate":-0.0189425505871752,"standard_error":0.00017454708192999411}}