{"mean":{"confidence_interval":{"confidence_level":0.95,"lower_bound":-0.012807996046846017,"upper_bound":-0.011128035877141515},"point_estimate":-0.011993718852246427,"standard_error":0.0004278565497620043},"median":{"confidence_interval":{"confidence_level":0.95,"lower_bound":-0.012647482749480014,"upper_bound":-0.010849822445995461},"point_estimate":-0.011726557945000327,"standard_error":0.0004539372537505822}}