{"mean":{"confidence_interval":{"confidence_level":0.95,"lower_bound":500380826.81666666,"upper_bound":501042225.05},"point_estimate":500708296.93333334,"standard_error":169971.06006803893},"median":{"confidence_interval":{"confidence_level":0.95,"lower_bound":500341848.0,"upper_bound":500973014.0},"point_estimate":500668687.0,"standard_error":147519.55991998882},"median_abs_dev":{"confidence_interval":{"confidence_level":0.95,"lower_bound":395362.7110809088,"upper_bound":1296529.9704819918},"point_estimate":700320.1822668314,"standard_error":230020.2266561603},"slope":null,"std_dev":{"confidence_interval":{"confidence_level":0.95,"lower_bound":677268.078576994,"upper_bound":1153424.883803176},"point_estimate":943196.5132324899,"standard_error":122189.48030870735}}