{"mean":{"confidence_interval":{"confidence_level":0.95,"lower_bound":-0.007284596246690344,"upper_bound":-0.0038728237673568713},"point_estimate":-0.00557364717860509,"standard_error":0.000868590745833906},"median":{"confidence_interval":{"confidence_level":0.95,"lower_bound":-0.007486127717783897,"upper_bound":-0.0025099833608994704},"point_estimate":-0.005441067029661628,"standard_error":0.001114119023761169}}