{"mean":{"confidence_interval":{"confidence_level":0.95,"lower_bound":1591712.9946528722,"upper_bound":1592762.9085364656},"point_estimate":1592217.13410785,"standard_error":267.41866815586417},"median":{"confidence_interval":{"confidence_level":0.95,"lower_bound":1591402.3607142856,"upper_bound":1592467.4363636365},"point_estimate":1591843.021551724,"standard_error":285.06030684905613},"median_abs_dev":{"confidence_interval":{"confidence_level":0.95,"lower_bound":643.1379146996009,"upper_bound":1934.4840906561572},"point_estimate":1042.8265644405842,"standard_error":324.31510278163404},"slope":{"confidence_interval":{"confidence_level":0.95,"lower_bound":1591459.1879444192,"upper_bound":1592568.8763158428},"point_estimate":1591980.671866737,"standard_error":283.22070868316547},"std_dev":{"confidence_interval":{"confidence_level":0.95,"lower_bound":1034.9062123995905,"upper_bound":1811.9620460141932},"point_estimate":1489.8552152144525,"standard_error":196.87350303612655}}