{"mean":{"confidence_interval":{"confidence_level":0.95,"lower_bound":-0.015545794401937821,"upper_bound":-0.009631877499027417},"point_estimate":-0.012799274891668544,"standard_error":0.001518937266192255},"median":{"confidence_interval":{"confidence_level":0.95,"lower_bound":-0.018271194155064063,"upper_bound":-0.008501794924860362},"point_estimate":-0.011067593427438238,"standard_error":0.002822417272304199}}