{"mean":{"confidence_interval":{"confidence_level":0.95,"lower_bound":-0.009526424540894921,"upper_bound":-0.006317583385409313},"point_estimate":-0.007898404584804508,"standard_error":0.000820893206972015},"median":{"confidence_interval":{"confidence_level":0.95,"lower_bound":-0.009787101002819765,"upper_bound":-0.005028000878524619},"point_estimate":-0.007911912052237735,"standard_error":0.0011304254043771735}}