{"mean":{"confidence_interval":{"confidence_level":0.95,"lower_bound":509990986.64,"upper_bound":510835848.2333333},"point_estimate":510415906.6,"standard_error":214607.10751041787},"median":{"confidence_interval":{"confidence_level":0.95,"lower_bound":509785225.0,"upper_bound":510922862.5},"point_estimate":510447283.5,"standard_error":298690.4542383785},"median_abs_dev":{"confidence_interval":{"confidence_level":0.95,"lower_bound":728779.4300615788,"upper_bound":1553324.4402229786},"point_estimate":1177655.8458924294,"standard_error":223616.58137923072},"slope":null,"std_dev":{"confidence_interval":{"confidence_level":0.95,"lower_bound":839670.796455567,"upper_bound":1514819.3964875208},"point_estimate":1202449.0497273386,"standard_error":172253.93138169532}}