{"mean":{"confidence_interval":{"confidence_level":0.95,"lower_bound":-0.04370762168535274,"upper_bound":-0.04123952011701969},"point_estimate":-0.042330048580472845,"standard_error":0.0006370601441754166},"median":{"confidence_interval":{"confidence_level":0.95,"lower_bound":-0.043035530584820014,"upper_bound":-0.04094372900354282},"point_estimate":-0.04187076289594993,"standard_error":0.0005159291637853561}}