{"mean":{"confidence_interval":{"confidence_level":0.95,"lower_bound":-0.03432824173625053,"upper_bound":-0.03250073214100057},"point_estimate":-0.03334460050039889,"standard_error":0.00046679736396441045},"median":{"confidence_interval":{"confidence_level":0.95,"lower_bound":-0.033740727699353545,"upper_bound":-0.032040507149341924},"point_estimate":-0.032731152840802746,"standard_error":0.0003981122654907176}}