{"mean":{"confidence_interval":{"confidence_level":0.95,"lower_bound":-0.05468454099960396,"upper_bound":-0.053008249022839696},"point_estimate":-0.05385100440838331,"standard_error":0.00042892030578360976},"median":{"confidence_interval":{"confidence_level":0.95,"lower_bound":-0.05514009034356182,"upper_bound":-0.05312221106539927},"point_estimate":-0.054203280575742085,"standard_error":0.0005179030037384382}}