{"mean":{"confidence_interval":{"confidence_level":0.95,"lower_bound":-0.012119906241045605,"upper_bound":-0.011552336683392403},"point_estimate":-0.011844467813461823,"standard_error":0.00014444792899087204},"median":{"confidence_interval":{"confidence_level":0.95,"lower_bound":-0.012283550527796838,"upper_bound":-0.011418213843263025},"point_estimate":-0.01185012244066408,"standard_error":0.0002235475817988518}}