{"mean":{"confidence_interval":{"confidence_level":0.95,"lower_bound":-0.02400561844935276,"upper_bound":-0.02280160780067924},"point_estimate":-0.023457825339675442,"standard_error":0.0003096612870193098},"median":{"confidence_interval":{"confidence_level":0.95,"lower_bound":-0.024405519211268767,"upper_bound":-0.02320131261642433},"point_estimate":-0.023845637069762726,"standard_error":0.00035244524789541974}}