{"mean":{"confidence_interval":{"confidence_level":0.95,"lower_bound":-0.028177199756170945,"upper_bound":-0.027175633204625425},"point_estimate":-0.02766144552544414,"standard_error":0.0002561859678920875},"median":{"confidence_interval":{"confidence_level":0.95,"lower_bound":-0.028085729418317773,"upper_bound":-0.026770296098787782},"point_estimate":-0.027199849217035,"standard_error":0.0003746692247289557}}