{"mean":{"confidence_interval":{"confidence_level":0.95,"lower_bound":-0.031040411854928885,"upper_bound":-0.027563678676087472},"point_estimate":-0.02931695923553268,"standard_error":0.0008880442905072272},"median":{"confidence_interval":{"confidence_level":0.95,"lower_bound":-0.03299332634262475,"upper_bound":-0.025557650111131425},"point_estimate":-0.028387211005238888,"standard_error":0.002241695246857209}}