{"mean":{"confidence_interval":{"confidence_level":0.95,"lower_bound":-0.024166106175189304,"upper_bound":-0.023091102074819923},"point_estimate":-0.023632001393628532,"standard_error":0.0002736621647326824},"median":{"confidence_interval":{"confidence_level":0.95,"lower_bound":-0.024153638828626978,"upper_bound":-0.022721124162004447},"point_estimate":-0.023296234561295592,"standard_error":0.0003833190404276422}}