{"mean":{"confidence_interval":{"confidence_level":0.95,"lower_bound":517271391.3041667,"upper_bound":517996845.93333334},"point_estimate":517628638.0,"standard_error":184636.89338534538},"median":{"confidence_interval":{"confidence_level":0.95,"lower_bound":517403315.0,"upper_bound":517945540.0},"point_estimate":517629097.0,"standard_error":170124.31675058775},"median_abs_dev":{"confidence_interval":{"confidence_level":0.95,"lower_bound":372949.5059788227,"upper_bound":1127080.6542903185},"point_estimate":651472.2196340561,"standard_error":191557.46990644815},"slope":null,"std_dev":{"confidence_interval":{"confidence_level":0.95,"lower_bound":666137.8299588831,"upper_bound":1330650.063199432},"point_estimate":1029760.2653752591,"standard_error":169710.0084487669}}