{"mean":{"confidence_interval":{"confidence_level":0.95,"lower_bound":403941440.53333336,"upper_bound":406522415.06666666},"point_estimate":405288679.6666667,"standard_error":658967.7803310109},"median":{"confidence_interval":{"confidence_level":0.95,"lower_bound":404265541.5,"upper_bound":407623118.0},"point_estimate":407278094.5,"standard_error":841950.6818756538},"median_abs_dev":{"confidence_interval":{"confidence_level":0.95,"lower_bound":753784.219917655,"upper_bound":4885276.6256690025},"point_estimate":1249133.4732234478,"standard_error":1069562.3255621311},"slope":null,"std_dev":{"confidence_interval":{"confidence_level":0.95,"lower_bound":2608020.6640279335,"upper_bound":4449454.730971461},"point_estimate":3668220.1728205103,"standard_error":472021.2523001055}}