{"mean":{"confidence_interval":{"confidence_level":0.95,"lower_bound":588729936.4174999,"upper_bound":591803075.5516667},"point_estimate":590169069.0,"standard_error":786397.3615900283},"median":{"confidence_interval":{"confidence_level":0.95,"lower_bound":586870779.5,"upper_bound":592440319.5},"point_estimate":591057817.0,"standard_error":1715252.5361770738},"median_abs_dev":{"confidence_interval":{"confidence_level":0.95,"lower_bound":1408435.133895278,"upper_bound":5572800.487563014},"point_estimate":4258076.791504025,"standard_error":1206673.126448164},"slope":null,"std_dev":{"confidence_interval":{"confidence_level":0.95,"lower_bound":2923261.06429597,"upper_bound":6063581.496742412},"point_estimate":4389712.083985958,"standard_error":918549.169584519}}