{"mean":{"confidence_interval":{"confidence_level":0.95,"lower_bound":-0.03663786087227739,"upper_bound":-0.03474879057461036},"point_estimate":-0.035669174923305014,"standard_error":0.0004810068060449435},"median":{"confidence_interval":{"confidence_level":0.95,"lower_bound":-0.03677327710158551,"upper_bound":-0.034106644881576775},"point_estimate":-0.03532424101512144,"standard_error":0.000672230191224694}}