{"mean":{"confidence_interval":{"confidence_level":0.95,"lower_bound":377652963.0258333,"upper_bound":378153599.73333335},"point_estimate":377905174.1666667,"standard_error":127551.92299330416},"median":{"confidence_interval":{"confidence_level":0.95,"lower_bound":377658313.5,"upper_bound":378150630.5},"point_estimate":378004685.0,"standard_error":139200.89293124713},"median_abs_dev":{"confidence_interval":{"confidence_level":0.95,"lower_bound":305197.65238165855,"upper_bound":844652.0310044289},"point_estimate":598561.1917734146,"standard_error":135378.65615758512},"slope":null,"std_dev":{"confidence_interval":{"confidence_level":0.95,"lower_bound":476761.6238962354,"upper_bound":901280.5768048243},"point_estimate":709678.3238435946,"standard_error":108933.49786062475}}