{"mean":{"confidence_interval":{"confidence_level":0.95,"lower_bound":511112849.34000003,"upper_bound":512100197.1725},"point_estimate":511611946.56666666,"standard_error":252295.3727567797},"median":{"confidence_interval":{"confidence_level":0.95,"lower_bound":511224604.0,"upper_bound":512206491.0},"point_estimate":511718578.0,"standard_error":273804.9479111366},"median_abs_dev":{"confidence_interval":{"confidence_level":0.95,"lower_bound":713504.9438327551,"upper_bound":2251889.2241209745},"point_estimate":1604216.1669194698,"standard_error":398567.2864210508},"slope":null,"std_dev":{"confidence_interval":{"confidence_level":0.95,"lower_bound":1089545.6133154533,"upper_bound":1638034.7144549561},"point_estimate":1406994.181063101,"standard_error":139631.2841212152}}