{"mean":{"confidence_interval":{"confidence_level":0.95,"lower_bound":-0.02999184436003253,"upper_bound":-0.028406428702119093},"point_estimate":-0.0292275748338795,"standard_error":0.0004003671211213481},"median":{"confidence_interval":{"confidence_level":0.95,"lower_bound":-0.030256517406226924,"upper_bound":-0.028475958396030787},"point_estimate":-0.02949251879137127,"standard_error":0.00045516794420157996}}