{"mean":{"confidence_interval":{"confidence_level":0.95,"lower_bound":-0.014043316457768846,"upper_bound":-0.0047412425956804595},"point_estimate":-0.009058133646695277,"standard_error":0.0022131248022980925},"median":{"confidence_interval":{"confidence_level":0.95,"lower_bound":-0.023293509972627358,"upper_bound":0.0021210737795938073},"point_estimate":-0.005042157218371313,"standard_error":0.006660121277648334}}