{"mean":{"confidence_interval":{"confidence_level":0.95,"lower_bound":-0.02657473451738462,"upper_bound":-0.02326265583013999},"point_estimate":-0.02490631501733065,"standard_error":0.0008457845389017279},"median":{"confidence_interval":{"confidence_level":0.95,"lower_bound":-0.028609341722891646,"upper_bound":-0.021243829710001938},"point_estimate":-0.023921665536655867,"standard_error":0.0022350924958639854}}