{"mean":{"confidence_interval":{"confidence_level":0.95,"lower_bound":-0.024207275369172606,"upper_bound":-0.022081968985615243},"point_estimate":-0.02318866997654767,"standard_error":0.0005432600497270919},"median":{"confidence_interval":{"confidence_level":0.95,"lower_bound":-0.02446427389543593,"upper_bound":-0.022520194973075003},"point_estimate":-0.02354652500945076,"standard_error":0.0005030613516915578}}