{"mean":{"confidence_interval":{"confidence_level":0.95,"lower_bound":-0.03306531481449772,"upper_bound":-0.032193129559107074},"point_estimate":-0.03263196201597662,"standard_error":0.00022230428898840123},"median":{"confidence_interval":{"confidence_level":0.95,"lower_bound":-0.03297888643866409,"upper_bound":-0.03208529399724935},"point_estimate":-0.032535380340932285,"standard_error":0.00023519634922213736}}