{"mean":{"confidence_interval":{"confidence_level":0.95,"lower_bound":-0.12662765518909136,"upper_bound":-0.11937770445851908},"point_estimate":-0.12293613011896676,"standard_error":0.001858077445434932},"median":{"confidence_interval":{"confidence_level":0.95,"lower_bound":-0.12797378817305993,"upper_bound":-0.11665295844164514},"point_estimate":-0.12005649932223639,"standard_error":0.003014814893891098}}