{"mean":{"confidence_interval":{"confidence_level":0.95,"lower_bound":-0.03580291359875877,"upper_bound":-0.030170094023357796},"point_estimate":-0.032947137642697744,"standard_error":0.0014380225479544528},"median":{"confidence_interval":{"confidence_level":0.95,"lower_bound":-0.03132763214334632,"upper_bound":-0.029208966757853207},"point_estimate":-0.030479392807488237,"standard_error":0.000835220924072084}}