{"mean":{"confidence_interval":{"confidence_level":0.95,"lower_bound":504640992.1508333,"upper_bound":505380361.56416667},"point_estimate":505007045.5,"standard_error":189166.2489675118},"median":{"confidence_interval":{"confidence_level":0.95,"lower_bound":504480511.0,"upper_bound":505340913.5},"point_estimate":505087462.0,"standard_error":240963.23274431535},"median_abs_dev":{"confidence_interval":{"confidence_level":0.95,"lower_bound":541946.629178524,"upper_bound":1394857.4833363295},"point_estimate":1014130.2578955889,"standard_error":204639.94981921074},"slope":null,"std_dev":{"confidence_interval":{"confidence_level":0.95,"lower_bound":741480.212727749,"upper_bound":1305972.275251154},"point_estimate":1050016.2064087475,"standard_error":143885.9401077738}}