{"mean":{"confidence_interval":{"confidence_level":0.95,"lower_bound":384809235.66041666,"upper_bound":385803680.1216666},"point_estimate":385315017.21666664,"standard_error":253440.9637334956},"median":{"confidence_interval":{"confidence_level":0.95,"lower_bound":384555329.0,"upper_bound":386083667.25},"point_estimate":385811695.75,"standard_error":437086.69067404675},"median_abs_dev":{"confidence_interval":{"confidence_level":0.95,"lower_bound":620227.1664887667,"upper_bound":2097263.313116133},"point_estimate":1695894.218891859,"standard_error":427689.2384350042},"slope":null,"std_dev":{"confidence_interval":{"confidence_level":0.95,"lower_bound":1105974.5956711185,"upper_bound":1646250.3562569905},"point_estimate":1417210.7910902917,"standard_error":137174.30476687688}}