{"mean":{"confidence_interval":{"confidence_level":0.95,"lower_bound":-0.04469424669599523,"upper_bound":-0.03796932373241254},"point_estimate":-0.04145647257444296,"standard_error":0.0017220815799108326},"median":{"confidence_interval":{"confidence_level":0.95,"lower_bound":-0.04896414760523626,"upper_bound":-0.039770998100422394},"point_estimate":-0.04710201213632914,"standard_error":0.002135947212853615}}