{"mean":{"confidence_interval":{"confidence_level":0.95,"lower_bound":586560654.1,"upper_bound":587466355.9566667},"point_estimate":587002550.9666667,"standard_error":229876.69657455236},"median":{"confidence_interval":{"confidence_level":0.95,"lower_bound":586405998.0,"upper_bound":587517152.0},"point_estimate":586880813.0,"standard_error":298087.55609914643},"median_abs_dev":{"confidence_interval":{"confidence_level":0.95,"lower_bound":710292.1496897936,"upper_bound":1761467.3918277025},"point_estimate":1102218.9353317022,"standard_error":275296.0575660594},"slope":null,"std_dev":{"confidence_interval":{"confidence_level":0.95,"lower_bound":895859.3799300696,"upper_bound":1630092.7719266592},"point_estimate":1278884.8100544873,"standard_error":192871.920022926}}