{"mean":{"confidence_interval":{"confidence_level":0.95,"lower_bound":-0.047391249400959,"upper_bound":-0.044873993671254976},"point_estimate":-0.04597817767608581,"standard_error":0.0006438122937397854},"median":{"confidence_interval":{"confidence_level":0.95,"lower_bound":-0.04649962325751278,"upper_bound":-0.044475598357648916},"point_estimate":-0.045290330363051634,"standard_error":0.0005082482025852492}}