{"mean":{"confidence_interval":{"confidence_level":0.95,"lower_bound":-0.027905670683290126,"upper_bound":-0.02631799170284088},"point_estimate":-0.027103289292602306,"standard_error":0.00040511314763058915},"median":{"confidence_interval":{"confidence_level":0.95,"lower_bound":-0.027943718325455946,"upper_bound":-0.025820832922321575},"point_estimate":-0.026666101869242564,"standard_error":0.0005335201542016616}}