{"mean":{"confidence_interval":{"confidence_level":0.95,"lower_bound":515532368.44416666,"upper_bound":516029515.3883334},"point_estimate":515783394.7,"standard_error":127631.45118847114},"median":{"confidence_interval":{"confidence_level":0.95,"lower_bound":515436227.5,"upper_bound":516154326.0},"point_estimate":515883387.5,"standard_error":193752.6842411653},"median_abs_dev":{"confidence_interval":{"confidence_level":0.95,"lower_bound":429017.73048341274,"upper_bound":1074815.298718214},"point_estimate":798568.3760225773,"standard_error":164982.2825425405},"slope":null,"std_dev":{"confidence_interval":{"confidence_level":0.95,"lower_bound":553118.9053338385,"upper_bound":845158.5624856941},"point_estimate":714514.4523130979,"standard_error":74780.4234234558}}