{"mean":{"confidence_interval":{"confidence_level":0.95,"lower_bound":511248923.3058333,"upper_bound":512282380.7683333},"point_estimate":511763465.46666664,"standard_error":265559.57971105917},"median":{"confidence_interval":{"confidence_level":0.95,"lower_bound":511179647.5,"upper_bound":511934252.0},"point_estimate":511438139.5,"standard_error":205179.25406677395},"median_abs_dev":{"confidence_interval":{"confidence_level":0.95,"lower_bound":441459.70946252346,"upper_bound":2073770.2563231902},"point_estimate":1317070.6518173218,"standard_error":409424.95254788897},"slope":null,"std_dev":{"confidence_interval":{"confidence_level":0.95,"lower_bound":1091829.0990036712,"upper_bound":1798654.8212068062},"point_estimate":1480141.5174411354,"standard_error":179757.76686449756}}