{"mean":{"confidence_interval":{"confidence_level":0.95,"lower_bound":-0.019790168923443877,"upper_bound":-0.016420526786355197},"point_estimate":-0.018096043331044753,"standard_error":0.0008593266001879551},"median":{"confidence_interval":{"confidence_level":0.95,"lower_bound":-0.019507753521520343,"upper_bound":-0.01672458097098073},"point_estimate":-0.018056376079784386,"standard_error":0.0007084831759185793}}