{"mean":{"confidence_interval":{"confidence_level":0.95,"lower_bound":-0.026441378653436213,"upper_bound":-0.024427353474412977},"point_estimate":-0.025417457533941423,"standard_error":0.0005119037787757803},"median":{"confidence_interval":{"confidence_level":0.95,"lower_bound":-0.02654596882381939,"upper_bound":-0.023061088058514922},"point_estimate":-0.0249939147605992,"standard_error":0.0008552244450880963}}