{"mean":{"confidence_interval":{"confidence_level":0.95,"lower_bound":-0.021718007132751,"upper_bound":-0.02001254244019648},"point_estimate":-0.020893168160770137,"standard_error":0.00043233646514738287},"median":{"confidence_interval":{"confidence_level":0.95,"lower_bound":-0.022210695685783377,"upper_bound":-0.01986139420580868},"point_estimate":-0.020927065615191975,"standard_error":0.0005812304159594175}}