{"mean":{"confidence_interval":{"confidence_level":0.95,"lower_bound":-0.027168925493714906,"upper_bound":-0.025974061773347185},"point_estimate":-0.026565038293520415,"standard_error":0.0003056216557584269},"median":{"confidence_interval":{"confidence_level":0.95,"lower_bound":-0.026842632255478893,"upper_bound":-0.025415956148128527},"point_estimate":-0.026200642072970015,"standard_error":0.00040551767229311217}}