{"mean":{"confidence_interval":{"confidence_level":0.95,"lower_bound":-0.006520250055216714,"upper_bound":-0.005926942670563123},"point_estimate":-0.006228855051272686,"standard_error":0.00015027061024020769},"median":{"confidence_interval":{"confidence_level":0.95,"lower_bound":-0.006559624847540246,"upper_bound":-0.005790715439748961},"point_estimate":-0.006042888930457013,"standard_error":0.00020442172747494236}}