{"mean":{"confidence_interval":{"confidence_level":0.95,"lower_bound":-0.02319099220906734,"upper_bound":-0.02199175823527862},"point_estimate":-0.02256688430410525,"standard_error":0.0003061011912136473},"median":{"confidence_interval":{"confidence_level":0.95,"lower_bound":-0.023102274441723525,"upper_bound":-0.02188880993794662},"point_estimate":-0.02251522645804216,"standard_error":0.00031465137739455045}}