{"mean":{"confidence_interval":{"confidence_level":0.95,"lower_bound":-0.05818089822437543,"upper_bound":-0.05512985633173848},"point_estimate":-0.05661643553971896,"standard_error":0.0007840005018690529},"median":{"confidence_interval":{"confidence_level":0.95,"lower_bound":-0.05842344923772025,"upper_bound":-0.05464563671398792},"point_estimate":-0.056810360035617014,"standard_error":0.0010361659252913105}}