{"mean":{"confidence_interval":{"confidence_level":0.95,"lower_bound":-0.05848331926528698,"upper_bound":-0.056626687003738754},"point_estimate":-0.05754114705048363,"standard_error":0.000479217470023909},"median":{"confidence_interval":{"confidence_level":0.95,"lower_bound":-0.058548603974339475,"upper_bound":-0.05579829794740021},"point_estimate":-0.05707714937194508,"standard_error":0.0007220233841204638}}